,x1,x2,x3,x4,x5,target
0,осень,6.0,10.0,684.8537139338742,489.72753446710135,127000.0
1,лето,6.0,5.0,787.4398419592069,129.2266588587675,54200.0
2,лето,7.0,8.0,934.334853831064,996.1898108896628,107600.0
3,зима,7.0,7.0,507.9496119600464,553.5603240919307,91800.0
4,зима,10.0,10.0,154.8314799971533,88.94007861706666,171500.0
5,зима,9.0,5.0,483.5546976531677,232.08883960262273,78300.0
6,осень,8.0,10.0,837.1074945876251,896.038236657838,129400.0
7,зима,5.0,10.0,192.572548855122,67.90002897492565,99900.0
8,зима,8.0,7.0,921.29605164118,442.3004892127755,68600.0
9,лето,7.0,10.0,245.96288357017204,160.3579621452491,176700.0
10,лето,9.0,10.0,505.10468570364276,549.7533035918692,206100.0
11,весна,7.0,7.0,363.616678179334,786.0780425616869,105600.0
12,осень,6.0,8.0,282.0490146991924,413.1817370675256,85200.0
13,весна,10.0,5.0,636.3460276820874,177.83421607475148,107400.0
14,весна,7.0,10.0,843.9960068562514,363.3524518149122,102300.0
15,лето,10.0,8.0,630.9940205744207,864.0453031105595,199500.0
16,осень,7.0,7.0,284.33913421006616,980.4819898312735,87900.0
17,зима,6.0,7.0,67.84428059172187,33.58649221915155,93600.0
18,лето,5.0,7.0,165.58743668118726,16.7271902900743,93300.0
19,осень,7.0,7.0,237.4584949714016,530.3254357547623,105700.0
20,осень,7.0,6.0,669.8143786825983,7.003366128656041,93700.0
21,осень,9.0,7.0,438.7324728217481,874.1204191221286,110000.0
22,зима,7.0,5.0,453.82640522316143,74.5089694708717,55500.0
23,весна,8.0,8.0,504.40504196359035,293.0133353635244,141400.0
24,весна,8.0,6.0,584.3780037991929,124.69098985457683,102700.0
25,лето,7.0,7.0,84.04984990051123,282.7911579964623,131700.0
26,осень,8.0,9.0,488.0453770561163,270.01273154199134,142100.0
27,лето,9.0,7.0,546.3147699987618,821.1003157019978,162300.0
28,весна,8.0,6.0,499.31429140816977,754.0249946814322,96600.0
29,лето,6.0,6.0,620.3647923141999,196.48183354974867,100800.0
30,лето,7.0,6.0,962.2211884274184,331.34262197220175,80800.0
31,весна,6.0,8.0,794.7723702345763,923.1084734713527,74900.0
32,зима,9.0,7.0,959.9815900035525,930.8989302512945,82000.0
33,осень,8.0,7.0,543.6636102755208,600.2005292511818,117100.0
34,весна,9.0,5.0,641.2314893799804,820.9244946477266,107200.0
35,весна,9.0,9.0,123.82380789672986,379.9632411419397,172900.0
36,весна,10.0,5.0,383.1213361136486,586.2171248317098,98500.0
37,зима,9.0,9.0,966.1487313665535,243.961271998677,117300.0
38,лето,7.0,5.0,250.41926254578038,58.39682599408547,76100.0
39,весна,6.0,7.0,50.975737965053504,761.0948692416705,100300.0
40,весна,7.0,8.0,784.7769125433991,150.52866586684365,91900.0
41,зима,8.0,9.0,680.1619887650397,298.53025887108674,133300.0
42,лето,10.0,7.0,311.3792646410446,371.1907205216735,150700.0
43,лето,8.0,8.0,797.7748928072315,748.6285236214978,117100.0
44,зима,9.0,8.0,388.04318926729195,202.48803163063377,105000.0
45,осень,8.0,6.0,482.9705756383557,723.2184603003523,83200.0
46,зима,10.0,8.0,961.0687990151047,477.56951329550236,115000.0
47,осень,9.0,6.0,104.39378645422492,145.54478317802833,111200.0
48,осень,10.0,7.0,966.5592449087003,857.6628752263931,96000.0
49,весна,8.0,8.0,460.0640630810809,634.6925514354707,127300.0
50,весна,6.0,9.0,203.89975324244625,617.5993059801323,125300.0
51,лето,9.0,6.0,65.2808799882877,707.1292206323322,145200.0
52,осень,6.0,9.0,764.9846914571993,634.4214765394898,88800.0
53,весна,6.0,9.0,293.48752587394665,780.4567778229917,92500.0
54,лето,6.0,7.0,498.6395029517414,389.38567272683014,95700.0
55,лето,9.0,7.0,686.5477340524692,3.4589901626127517,146900.0
56,осень,7.0,7.0,592.0402199484366,365.1273916662858,107600.0
57,зима,5.0,7.0,533.6584338537186,494.79610429829404,71000.0
58,весна,8.0,5.0,697.361621636465,791.3148750168831,94900.0
59,зима,10.0,10.0,987.5240825662831,113.17372494409639,129800.0
60,весна,5.0,7.0,348.9035589769824,203.64731665698756,77900.0
61,зима,9.0,9.0,733.777050302841,398.98167716436996,134700.0
62,лето,6.0,8.0,979.2367090062809,286.2263565140672,83800.0
63,весна,7.0,10.0,810.8595080083358,748.9753996230667,118000.0
64,весна,9.0,8.0,863.5059320756125,105.77015596564132,114300.0
65,зима,8.0,9.0,811.0449714782911,465.28142586163824,100500.0
66,лето,7.0,5.0,331.94663819297523,522.6194331636096,85400.0
67,зима,6.0,7.0,59.214771356604025,569.9618478986848,91900.0
68,осень,6.0,6.0,966.6501903350437,954.9989408189018,50100.0
69,лето,8.0,9.0,338.14453584686675,558.9214013237067,160400.0
70,лето,6.0,10.0,481.41420121597366,278.18036852875116,119100.0
71,осень,7.0,8.0,79.92327492913387,415.31134748784393,114500.0
72,осень,10.0,6.0,45.74726789538553,375.9830508923463,119700.0
73,весна,5.0,6.0,747.5311545365144,236.66526161443858,72300.0
74,весна,6.0,8.0,748.6503960050178,866.9940737189844,112800.0
75,лето,7.0,6.0,168.7600927911357,160.62044131075314,109300.0
76,осень,8.0,8.0,222.02930130160757,300.40424992421487,148700.0
77,лето,6.0,9.0,119.74888974629339,334.9048620260517,142200.0
78,лето,9.0,8.0,294.42107728166667,905.191935082999,152300.0
79,лето,9.0,6.0,559.8325256791229,856.8492425442776,138500.0
80,лето,9.0,5.0,224.29920570619555,823.2461846372304,122800.0
81,осень,7.0,8.0,79.63671069106626,768.4397544133959,121700.0
82,весна,9.0,9.0,945.7543835678651,5.567299959712946,129700.0
83,лето,6.0,6.0,132.67309398200712,405.5713570074094,107100.0
84,осень,7.0,9.0,523.5373111841269,121.50428107044353,132400.0
85,осень,9.0,6.0,16.413407563556692,529.2835792673987,109900.0
86,весна,7.0,8.0,503.82184736537073,746.4831110139892,134600.0
87,лето,7.0,8.0,712.1068368684272,53.023463571120864,131800.0
88,лето,8.0,7.0,730.6441519787755,759.246078039603,149500.0
89,весна,9.0,9.0,842.7487894983879,249.60559884101497,128100.0
90,весна,9.0,10.0,333.52253535486966,435.5744208012178,170400.0
91,зима,5.0,5.0,155.51735789760644,504.39193436670104,64800.0
92,весна,7.0,8.0,824.0518807584745,52.3999228044496,85000.0
93,лето,9.0,9.0,620.0943759200541,279.0745768112174,191800.0
94,весна,10.0,5.0,686.6446552123373,622.0371502033701,111000.0
95,весна,5.0,6.0,605.4295577272857,302.06979673745013,76500.0
96,зима,6.0,5.0,306.10701629938796,700.603181948264,52200.0
97,осень,7.0,7.0,356.78026889674186,854.5370895931941,88200.0
98,зима,7.0,5.0,186.92476545085046,877.3102682791068,74400.0
99,зима,8.0,9.0,491.2643335701423,411.4118526457252,118000.0
100,весна,6.0,6.0,572.559049135677,479.814804863963,78900.0
101,зима,7.0,6.0,814.2194786564216,143.2851238636036,51700.0
102,зима,10.0,10.0,497.8124477213283,579.8036432283047,157300.0
103,весна,8.0,10.0,830.566758710748,320.8820652138369,127200.0
104,лето,8.0,8.0,122.00579294925195,603.0699676384794,158100.0
105,осень,10.0,7.0,502.9528610509135,848.786540201384,138500.0
106,осень,7.0,9.0,263.2684497090142,153.6024365518107,124400.0
107,зима,6.0,8.0,134.73272280302174,535.4708133890927,90800.0
108,осень,6.0,9.0,407.71693568062165,760.1400336545606,102900.0
109,зима,9.0,6.0,321.33539140924427,345.80354819078576,86900.0
110,осень,5.0,6.0,979.5023189479773,254.5066472014045,37000.0
111,весна,5.0,5.0,191.4043692908942,109.02228128221614,69700.0
112,весна,8.0,10.0,713.2492365146718,596.9480085168609,164300.0
113,зима,10.0,8.0,58.78985048966789,697.2599984434819,142900.0
114,лето,9.0,8.0,369.13172966114485,744.1940850161106,168900.0
115,весна,8.0,8.0,824.1350838100465,749.4716614056522,109600.0
116,зима,6.0,6.0,200.36867448325714,714.2356574116437,85100.0
117,осень,10.0,8.0,425.0362513301652,952.9763689742863,130200.0
118,зима,9.0,7.0,192.6843269220787,337.3316597517412,131600.0
119,осень,6.0,6.0,59.62686896690528,170.51622155876765,83800.0
120,зима,8.0,5.0,371.5838780527111,790.1067942736296,67900.0
121,зима,8.0,7.0,214.14775701133593,422.2032153992712,116700.0
122,осень,8.0,10.0,839.1135544707364,64.25419203996185,125200.0
123,осень,5.0,10.0,457.60984110353075,789.7388885185796,89600.0
124,зима,10.0,7.0,813.0677079405782,559.5986951116078,86300.0
125,зима,8.0,7.0,795.2740469712902,631.7508498456725,67400.0
126,лето,9.0,9.0,604.4752959814343,336.0118483486283,203900.0
127,весна,9.0,8.0,518.731937403107,61.25596788193766,150400.0
128,осень,7.0,7.0,513.9022128217821,754.8474947807427,102100.0
129,зима,9.0,9.0,157.13405831843318,310.9564963279238,157600.0
130,лето,9.0,7.0,808.8056758608443,874.2316520165475,123000.0
131,лето,9.0,8.0,738.4976754871417,534.0423524033505,162600.0
132,весна,5.0,9.0,374.82653661366083,878.4415493576583,92200.0
133,лето,8.0,7.0,947.8606755558377,97.66942305616134,109800.0
134,осень,7.0,6.0,299.19996176215744,50.223456754010854,76300.0
135,осень,9.0,9.0,124.37582478881326,188.45455427931634,169500.0
136,весна,6.0,6.0,25.910916198154112,630.8959593553049,90800.0
137,лето,8.0,7.0,638.7486510080935,483.81653483504226,135100.0
138,лето,7.0,6.0,356.75956825770226,269.5659757397315,101300.0
139,осень,6.0,10.0,280.3118726425033,721.7392486353523,103600.0
140,осень,10.0,10.0,439.3790872109911,3.007210164858498,166500.0
141,весна,7.0,9.0,957.2022693833694,298.5062781315454,114300.0
142,весна,8.0,6.0,408.46013430296904,185.57230292659466,86200.0
143,зима,9.0,7.0,708.7523315272751,291.12082944024775,119700.0
144,осень,9.0,7.0,552.9406516674242,515.3484462102916,141000.0
145,лето,7.0,6.0,335.8462494009188,172.69245477143647,105300.0
146,весна,7.0,8.0,321.7897980205818,973.3286233549275,105400.0
147,лето,8.0,6.0,813.9029258943068,431.99559003812806,95300.0
148,зима,9.0,9.0,727.7929725056279,696.2231585506817,134300.0
149,зима,10.0,6.0,303.06362084550256,294.43258726100754,92500.0
150,лето,5.0,9.0,443.74058956314866,522.3472602751359,110600.0
151,зима,10.0,10.0,173.92634352962799,45.53151749018003,171300.0
152,осень,7.0,10.0,555.2897988333568,218.9656278181904,138000.0
153,лето,9.0,8.0,15.076518762406565,415.7136118395089,191400.0
154,весна,9.0,9.0,787.399821872952,776.5206506935515,127100.0
155,зима,10.0,8.0,671.6338207431638,913.7451255441748,131900.0
156,лето,9.0,8.0,288.9504713810952,477.7254153614962,157700.0
157,осень,7.0,7.0,207.57900447061195,948.9520355310058,110100.0
158,весна,9.0,6.0,969.6221927262183,233.26449477843337,92500.0
159,осень,7.0,9.0,463.4677769821105,473.2184867524768,110200.0
160,зима,6.0,9.0,627.233771375232,688.6995873870865,107800.0
161,зима,6.0,9.0,569.7389490213528,729.9242390057929,94300.0
162,весна,9.0,6.0,914.8637781986292,193.65102687597323,84600.0
163,весна,5.0,8.0,439.23172581575056,163.2885026425429,83400.0
164,весна,8.0,9.0,797.0593554717656,947.9011938299489,120100.0
165,лето,8.0,7.0,62.80009254215646,684.6825373277397,152700.0
166,зима,9.0,7.0,152.72121850298515,278.2636389971598,123600.0
167,осень,10.0,9.0,290.34843284036805,873.7925222517162,153900.0
168,зима,7.0,10.0,58.26793500594019,401.1729304350846,127300.0
169,зима,7.0,6.0,977.4478370859489,734.1891168892,40000.0
170,осень,8.0,8.0,337.08184123078064,797.645838085432,104900.0
171,лето,9.0,6.0,699.5902023241184,632.005557762996,129400.0
172,зима,9.0,7.0,931.4332303908668,903.1864124903535,79900.0
173,зима,6.0,9.0,585.5432755630518,892.697762984603,109900.0
174,осень,5.0,6.0,47.86175491945821,345.42359778386077,77200.0
175,осень,9.0,7.0,59.566769144363654,450.96817090975907,139700.0
176,зима,8.0,6.0,16.121497122395745,840.6125718121217,101700.0
177,лето,9.0,10.0,618.1179550764565,939.7107016738803,201200.0
178,зима,6.0,8.0,813.797368749518,944.7487928144984,60600.0
179,зима,9.0,8.0,749.1478008293349,660.4251741482765,130700.0
180,зима,8.0,9.0,691.5565721692243,682.1096621217009,131000.0
181,зима,9.0,10.0,477.82596284217647,93.44895843873479,147100.0
182,зима,8.0,8.0,663.4582937999126,947.1494418488277,128200.0
183,осень,9.0,9.0,157.2277212230293,679.5915062309996,168300.0
184,лето,7.0,6.0,628.8245743032907,567.8798756730439,105100.0
185,осень,9.0,6.0,733.8753251652117,309.49754959309206,104000.0
186,лето,7.0,6.0,703.616597489048,964.1017698120353,112600.0
187,зима,7.0,7.0,322.799750001584,895.4074212182496,82100.0
188,осень,5.0,9.0,409.00461447075867,64.91769776174017,85000.0
189,лето,8.0,9.0,800.6926814660786,465.89362906344957,141300.0
190,лето,7.0,8.0,321.91977024840656,115.63405408886373,138500.0
191,осень,6.0,8.0,777.8751143555322,61.659590975096435,61800.0
192,зима,6.0,7.0,369.87174893801324,740.5837264334473,62600.0
193,лето,10.0,6.0,815.0903599075415,993.6453276246922,122600.0
194,лето,6.0,7.0,928.7552219383543,786.5192133294339,69000.0
195,весна,7.0,6.0,565.1162585021376,749.747879464303,85600.0
196,весна,8.0,6.0,535.5548558635044,968.1074678661947,102000.0
197,весна,8.0,8.0,548.7310413698375,516.2589557679005,128700.0
198,весна,9.0,8.0,962.0119645547563,886.1330821558265,115600.0
199,зима,5.0,8.0,210.6766568594888,463.0751889384979,89700.0
200,лето,8.0,8.0,374.1237869036784,735.5978185195905,145600.0
201,лето,5.0,9.0,693.4471542843895,725.662789283292,118700.0
202,зима,6.0,10.0,825.7306454961719,136.44182148924932,77500.0
203,весна,8.0,5.0,608.335355765594,518.7880180895424,89300.0
204,зима,5.0,5.0,529.854515114009,663.5148545097398,62200.0
205,зима,6.0,6.0,201.169790048807,447.09763033558994,84800.0
206,осень,7.0,5.0,409.76164870013474,90.99190909196153,62800.0
207,лето,6.0,8.0,598.7974510044858,899.0007112831544,123400.0
208,весна,9.0,6.0,996.8301337566152,379.940450913491,76100.0
209,осень,8.0,8.0,587.4384309742456,704.7844540813487,137000.0
210,лето,7.0,7.0,274.21544798576224,849.4324579199277,117600.0
211,осень,6.0,5.0,127.01881430443784,616.0145671227818,78600.0
212,лето,6.0,9.0,279.2247117581688,448.8748517546377,107900.0
213,осень,8.0,8.0,749.6192757616914,49.521102751784674,130200.0
214,лето,8.0,8.0,893.2670754959119,914.6286870185422,120400.0
215,осень,6.0,9.0,479.77599949065143,58.483190289357445,89100.0
216,осень,10.0,6.0,867.0876779920611,510.89454208725994,88800.0
217,осень,7.0,7.0,74.78770306839422,236.22908929719333,113400.0
218,лето,8.0,5.0,689.2514274848003,721.7214042380821,111200.0
219,лето,6.0,7.0,441.0686381346949,853.2826111889533,89900.0
220,зима,9.0,8.0,657.9697057644452,210.85425137839366,131400.0
221,лето,7.0,5.0,687.0887961083197,828.6219754517607,104300.0
222,лето,9.0,9.0,826.3560127764894,492.7616479857453,172000.0
223,осень,7.0,7.0,715.6294933623317,851.3027017022133,94600.0
224,осень,8.0,10.0,795.6918798736556,410.5475071879986,122000.0
225,зима,6.0,7.0,212.43590977970007,273.713812841589,88000.0
226,осень,9.0,6.0,183.58622296206073,414.9538716949427,112800.0
227,лето,7.0,7.0,76.8966840929477,410.9852879066734,124200.0
228,осень,6.0,9.0,586.7849434577101,561.7974207560848,120600.0
229,весна,9.0,6.0,804.5905280438814,86.9443505206856,81900.0
230,весна,7.0,9.0,80.33697755707026,457.61848521996285,129100.0
231,осень,5.0,8.0,593.7873226347532,53.14881173977115,84400.0
232,зима,9.0,7.0,539.8034364796885,689.6602064734057,111400.0
233,лето,6.0,6.0,134.81833565967304,737.6353856969248,88900.0
234,зима,7.0,9.0,789.6465437169785,799.8767892515245,83300.0
235,осень,9.0,5.0,139.4800134905735,898.4065893758824,105100.0
236,весна,6.0,7.0,660.8546072684136,170.98321828968687,92500.0
237,осень,9.0,6.0,542.9633193894791,304.62465597225184,108200.0
238,зима,9.0,8.0,68.70770217078758,880.7596974271264,141700.0
239,весна,7.0,7.0,562.4758615004761,96.07993194800024,102200.0
240,зима,9.0,6.0,979.5033777367053,431.24299206133423,56900.0
241,зима,9.0,7.0,942.6788417338404,84.34638438501018,75400.0
242,весна,10.0,9.0,768.9154987576906,367.1559768388053,142700.0
243,весна,9.0,8.0,66.0697929152414,99.41144248078015,147400.0
244,весна,5.0,8.0,251.8923517499978,756.6289049506688,81000.0
245,весна,9.0,9.0,832.5847955167037,569.0123091372279,150700.0
246,лето,5.0,6.0,324.43573528455414,135.40740854067323,73900.0
247,лето,7.0,8.0,859.6159393137441,371.79234944152694,94200.0
248,зима,5.0,6.0,551.7605792564547,94.0259920346902,65700.0
249,зима,7.0,6.0,23.00775060131899,838.0856760343838,97100.0
250,весна,5.0,6.0,817.9350261126449,329.4800230319324,37300.0
251,лето,8.0,7.0,651.0668715062545,388.33047440647886,141500.0
252,осень,6.0,9.0,993.4429216142476,115.48019609490467,77200.0
253,зима,5.0,8.0,338.30136889674975,610.775275649572,65800.0
254,осень,6.0,6.0,987.1226837754806,669.5316370385274,43800.0
255,весна,5.0,7.0,515.4398246789021,598.2209017227152,87200.0
256,осень,6.0,8.0,562.9000772741024,967.9055698156062,101100.0
257,лето,9.0,8.0,927.3907282519589,758.2378418811849,145200.0
258,зима,7.0,7.0,512.4422590519298,919.3210630914294,85400.0
259,зима,5.0,9.0,958.2264537908221,17.31775121904422,52000.0
260,лето,9.0,9.0,340.6441605899272,663.9258840062754,185900.0
261,зима,7.0,6.0,226.11473618757628,662.8178181469536,86100.0
262,весна,8.0,8.0,596.910159332246,866.3279264002708,135900.0
263,лето,7.0,7.0,669.9854155424473,999.3162511227188,133100.0
264,осень,10.0,9.0,252.13168423516476,838.373730182643,162700.0
265,весна,9.0,8.0,382.0539586943994,178.872615819343,141700.0
266,зима,8.0,8.0,573.5173126709143,705.1738702046124,128700.0
267,зима,9.0,7.0,152.35679416566518,451.65018508662956,117700.0
268,лето,9.0,9.0,547.8137187418641,114.63720064187687,187900.0
269,зима,7.0,8.0,253.29478611545431,671.6408200556115,88300.0
270,лето,7.0,9.0,199.02376309302016,154.6408382734218,166100.0
271,лето,9.0,10.0,630.972134584078,710.0711507973327,210000.0
272,осень,8.0,9.0,659.2983109105522,870.6588328335029,143500.0
273,весна,8.0,8.0,125.38021524961007,24.9315907074833,142200.0
274,осень,9.0,6.0,506.15496847715644,299.42046757028027,103000.0
275,лето,7.0,8.0,929.1060696611386,884.9349555280462,110500.0
276,лето,10.0,7.0,867.521708523321,445.4081264156184,124500.0
277,зима,8.0,7.0,145.08525349298372,733.166018911821,109800.0
278,осень,6.0,9.0,658.5090394011472,122.99689191232088,117700.0
279,осень,10.0,9.0,974.8680127670186,732.6156662998999,136300.0
280,весна,6.0,8.0,984.6764390620881,64.98072979027303,64300.0
281,осень,6.0,6.0,33.53826173318064,596.7616723752084,83700.0
282,осень,9.0,9.0,798.6572005802286,858.1594624645168,134400.0
283,зима,7.0,7.0,450.67560251115424,383.50719935062085,77000.0
284,лето,5.0,10.0,441.7423454434106,129.32595982775285,112600.0
285,осень,8.0,7.0,593.5440776238061,524.2227499479002,117000.0
286,осень,6.0,10.0,801.3199391040762,458.3471462424603,84700.0
287,лето,10.0,10.0,930.2983432789506,685.8887543781834,185700.0
288,зима,8.0,9.0,736.1983196070377,652.1886542272604,122500.0
289,лето,7.0,8.0,843.639057000646,855.5834398534569,115400.0
290,лето,10.0,5.0,474.53716974472957,802.1536002703417,109000.0
291,осень,8.0,6.0,796.9341265469933,915.2019538534157,71700.0
292,весна,9.0,8.0,944.8467412074127,973.7098683393364,127300.0
293,лето,6.0,6.0,981.1692929092196,398.8447216624795,61300.0
294,весна,10.0,10.0,32.0767493500872,185.72174672160946,205200.0
295,весна,7.0,6.0,743.3247341147602,605.4000330612048,96000.0
296,лето,5.0,6.0,219.57513088317603,356.5528330270422,88100.0
297,осень,7.0,9.0,691.1538447608231,567.2557040758454,138100.0
298,весна,8.0,9.0,315.01780403991154,353.75633001499375,126000.0
299,осень,8.0,7.0,945.2464451266612,422.9659661703013,88100.0
300,зима,8.0,8.0,779.3222660902414,740.8567475622706,78700.0
301,весна,6.0,7.0,661.9196444272816,559.3174104713751,92000.0
302,весна,8.0,6.0,961.1030875870807,355.9526687390072,69000.0
303,весна,6.0,9.0,9.148630583770911,20.143803977802133,120600.0
304,весна,8.0,6.0,786.202973439335,851.5250363045209,73400.0
305,весна,5.0,7.0,983.7775100899878,776.9731705900816,44200.0
306,зима,9.0,8.0,232.2602300477965,63.02419603343057,134200.0
307,весна,8.0,9.0,870.3848767884734,877.91020991609,120500.0
308,лето,6.0,5.0,445.92800779822085,822.2790326796884,74900.0
309,зима,8.0,8.0,245.38696357050637,345.84901549983704,120400.0
310,осень,5.0,6.0,44.11860906684672,63.05622513345344,71800.0
311,зима,10.0,8.0,387.69948979501703,244.44932419993927,125300.0
312,весна,7.0,6.0,639.3231837674807,893.512411008596,87400.0
313,весна,7.0,10.0,864.284976681668,21.10144542611836,106300.0
314,зима,10.0,10.0,112.1187506514083,215.17384829675945,171600.0
315,лето,6.0,8.0,346.50687796425603,671.9931959065729,107900.0
316,зима,10.0,7.0,640.2787908317257,354.990553566769,120100.0
317,зима,5.0,9.0,606.0795997413139,348.43115787535714,87400.0
318,осень,10.0,8.0,665.8505595652902,115.917805091452,160200.0
319,осень,5.0,8.0,949.8374872154255,343.7036367643541,58600.0
320,зима,8.0,5.0,537.9957329588555,962.3380028176276,83400.0
321,зима,9.0,8.0,859.6123651653835,210.20026888736032,88600.0
322,зима,9.0,6.0,568.7401909070453,510.3588061676496,105100.0
323,осень,6.0,6.0,724.8080367463027,639.6895215301348,79200.0
324,зима,7.0,7.0,474.07964350312204,598.5172464087992,87300.0
325,лето,6.0,7.0,651.0899994432136,530.9776154313447,104700.0
326,лето,5.0,9.0,942.0659773362032,331.69121160848215,88300.0
327,зима,8.0,9.0,198.52900008966512,595.6209873618918,129600.0
328,лето,9.0,8.0,168.62622349314404,972.75223792597,189900.0
329,весна,9.0,6.0,904.3888511681088,803.9895608090078,78100.0
330,осень,10.0,9.0,80.69417670207046,359.39819697301846,171300.0
331,лето,5.0,10.0,501.80890716609383,657.0948631108682,129100.0
332,зима,8.0,8.0,495.9028744848428,293.85831858717114,97400.0
333,осень,8.0,6.0,7.581117421674111,247.7388120416578,107300.0
334,зима,8.0,9.0,903.3595728488351,916.6376736005574,103300.0
335,весна,9.0,6.0,606.894403224171,531.9024539916533,126900.0
336,лето,8.0,7.0,417.4981195814204,598.4473089267203,122200.0
337,осень,10.0,7.0,51.864371193736545,923.9854413176001,139000.0
338,весна,7.0,9.0,486.66889056247663,798.7101736816418,119600.0
339,зима,5.0,9.0,406.2895175377411,352.8521594007883,73600.0
340,осень,6.0,5.0,315.112199762333,171.00440705316578,54500.0
341,осень,6.0,8.0,175.06547729406108,443.9372208698878,113000.0
342,весна,9.0,8.0,673.6333041215869,526.3127720568496,154600.0
343,весна,6.0,6.0,379.718204929645,782.074334193163,70300.0
344,весна,5.0,7.0,495.77656533471213,968.7479905949069,71100.0
345,осень,6.0,9.0,518.0956934495208,816.5892955312232,117100.0
346,лето,5.0,7.0,937.1416451312538,579.8379710444818,60800.0
347,зима,6.0,6.0,997.5790210754542,37.39318445078732,36300.0
348,осень,9.0,9.0,872.372943790169,31.347776198767384,120700.0
349,осень,5.0,9.0,766.6908533252108,737.5586980076132,67400.0
350,лето,7.0,7.0,84.74796293527042,759.3791594833623,133600.0
351,осень,10.0,8.0,791.9018760532051,558.0557269493193,124800.0
352,зима,6.0,10.0,879.243331283129,0.8030065831762245,66500.0
353,лето,7.0,7.0,624.174388140765,656.4989235594807,124300.0
354,весна,9.0,7.0,513.4461994607603,987.1709175615482,137600.0
355,весна,7.0,10.0,443.403826232142,981.0001753476982,124400.0
356,весна,9.0,6.0,830.7217834608995,932.6240841277968,84400.0
357,осень,5.0,8.0,950.2522472052771,359.43361554957386,57000.0
358,весна,8.0,7.0,334.9768897142171,99.17560467924424,96300.0
359,зима,7.0,5.0,688.220188264246,267.1556871546779,69100.0
360,осень,5.0,9.0,591.133769190172,486.8807267772127,104400.0
361,зима,8.0,8.0,602.9060379138202,564.8930339737966,117100.0
362,весна,7.0,6.0,181.3590186179257,211.21690219173328,99500.0
363,лето,7.0,8.0,576.4693290154236,808.0635429462635,135800.0
364,осень,8.0,7.0,330.64450671007364,44.341559335247084,101000.0
365,осень,7.0,7.0,99.8224320324651,710.9283681470623,115500.0
366,лето,10.0,6.0,727.0014069318004,256.5073554965741,135600.0
367,весна,8.0,7.0,488.4820260049645,554.7751600279308,112400.0
368,осень,7.0,7.0,699.4122303553871,650.4233242436302,96300.0
369,весна,7.0,6.0,986.4843456748565,223.9451899716075,62500.0
370,зима,5.0,8.0,253.46621451094032,556.0790049289524,64900.0
371,зима,10.0,6.0,705.0233896701781,589.2233403358707,107400.0
372,лето,8.0,7.0,606.9942472516698,757.9267084762357,128000.0
373,осень,6.0,7.0,48.824128758437666,868.956551254388,103200.0
374,осень,8.0,7.0,171.55101579005438,224.34374571870762,122800.0
375,осень,8.0,6.0,400.04342374951784,752.1408086236719,97700.0
376,весна,7.0,6.0,277.96301353931676,134.1468630554423,73300.0
377,весна,6.0,7.0,401.93198215968795,542.6942622636144,80900.0
378,осень,9.0,7.0,547.348179384462,852.6487877573439,126600.0
379,осень,9.0,7.0,618.6338156075042,742.6489903584509,119200.0
380,зима,7.0,8.0,221.73145747756905,790.2360073188406,115400.0
381,осень,6.0,6.0,521.7661965195335,818.0723437202414,79600.0
382,зима,7.0,7.0,275.4792584335455,593.5461740909379,72500.0
383,зима,7.0,8.0,857.4504083420238,940.2474538605416,70700.0
384,весна,6.0,9.0,927.9920262389088,44.36431969311738,82100.0
385,осень,7.0,8.0,669.8034205505631,767.6442437791026,117100.0
386,весна,6.0,5.0,255.67955082761097,444.4340822183643,67400.0
387,осень,10.0,7.0,289.6626897272191,984.61973427469,124100.0
388,зима,6.0,10.0,743.6108319565923,99.76812693696813,104000.0
389,зима,9.0,9.0,842.5615614706034,709.7078872756445,111900.0
390,осень,6.0,7.0,187.8268818363974,917.8743369061292,94800.0
391,лето,7.0,5.0,125.97098662423755,977.7575019318215,102300.0
392,зима,10.0,9.0,232.8055950693181,766.12741782973,168000.0
393,весна,9.0,10.0,717.0622028487336,224.82946992563146,183000.0
394,лето,9.0,6.0,32.09054425085955,321.77121776155536,146200.0
395,лето,9.0,6.0,775.6170731170389,488.4546490801538,98200.0
396,лето,8.0,10.0,222.42133922489725,419.85612430363074,194200.0
397,весна,9.0,9.0,644.7014867310882,660.7569342967117,175100.0
398,осень,7.0,6.0,256.6349556094022,907.167221974127,73200.0
399,лето,8.0,6.0,929.2920027569111,244.16368572493607,84700.0
400,лето,6.0,6.0,46.023420146684145,413.4792838891254,98900.0
401,зима,7.0,7.0,500.78610095878275,452.2205664294994,95100.0
402,зима,10.0,6.0,774.5435181603932,270.9427699445024,68100.0
403,зима,9.0,9.0,184.6277924265435,329.991995708109,156400.0
404,осень,5.0,7.0,633.4817179398906,449.29370612243105,82700.0
405,осень,7.0,10.0,379.4806520441546,209.80702245709327,117800.0
406,лето,5.0,7.0,609.4262029418485,413.7402950424291,98100.0
407,зима,10.0,10.0,773.5149020520183,959.8913742473791,133100.0
408,осень,7.0,10.0,785.9655585569906,51.52061620381754,109300.0
409,весна,8.0,7.0,45.2896621925275,191.2153791387343,124400.0
410,зима,8.0,8.0,662.6233210310056,148.89235678718904,114800.0
411,зима,5.0,9.0,281.99608316146106,193.38330446470565,74900.0
412,весна,9.0,5.0,38.544763257373546,20.86863376799308,110600.0
413,лето,10.0,6.0,726.5779077603463,368.24294490866106,150800.0
414,лето,6.0,8.0,987.334250008135,260.60358742396426,86600.0
415,осень,9.0,7.0,658.8351886432637,201.87050355155466,128500.0
416,зима,9.0,6.0,700.8849437881545,870.8855610772523,109500.0
417,лето,8.0,7.0,207.82109114530712,697.9115282956049,148100.0
418,весна,6.0,10.0,43.83924998006516,406.1498541953624,134500.0
419,лето,7.0,10.0,612.3376932607724,550.556781566853,156900.0
420,осень,10.0,6.0,829.1525870400328,501.3134362742675,82500.0
421,весна,10.0,8.0,769.8825537646019,524.587014936029,123600.0
422,лето,9.0,6.0,616.3492973890507,670.9229178661761,133100.0
423,лето,6.0,8.0,850.8523311460045,156.45435486183433,92100.0
424,лето,6.0,6.0,955.0723193911424,455.3077115353509,58300.0
425,лето,9.0,9.0,128.11850689539827,173.65962160051552,189900.0
426,осень,7.0,5.0,783.9194334282466,615.6191113190722,45200.0
427,зима,5.0,5.0,281.29195464342536,317.6164121681171,44600.0
428,весна,9.0,6.0,312.8240483969563,4.311082551049172,111600.0
429,весна,6.0,6.0,591.432402670019,85.61229873721776,78000.0
430,осень,9.0,6.0,801.1480167540723,449.4469788525226,86700.0
431,лето,9.0,6.0,640.899601500614,535.2937590473416,142600.0
432,зима,10.0,8.0,582.3492932014982,332.94905295436206,140700.0
433,зима,8.0,8.0,832.1239489134484,591.8649247190234,91700.0
434,зима,10.0,7.0,553.2226857808838,174.01548362284413,128800.0
435,зима,7.0,8.0,868.3671919321235,624.4249377729451,68700.0
436,весна,9.0,9.0,992.4883974794685,374.6543571834778,122200.0
437,осень,10.0,10.0,164.56233066744542,910.0409130179733,194900.0
438,весна,5.0,9.0,284.3567774549356,754.9743387424264,96200.0
439,зима,6.0,6.0,898.3713774464034,708.3787477545235,37800.0
440,осень,5.0,10.0,807.2466494531983,328.1945594195227,70200.0
441,лето,7.0,7.0,426.90774741176784,985.2954889419556,97800.0
442,осень,6.0,5.0,535.5684928085562,450.0841190326438,68600.0
443,осень,6.0,5.0,376.3085223089414,979.6946140677219,53300.0
444,весна,9.0,5.0,938.2287028699496,842.7206046503265,61700.0
445,осень,8.0,7.0,147.35323636567733,95.9869689969619,115000.0
446,осень,5.0,9.0,899.0703642329918,810.3355878031687,70100.0
447,лето,9.0,8.0,213.68606974048154,143.50524832984357,171800.0
448,зима,9.0,6.0,969.2603022189004,921.0518297720087,70900.0
449,зима,5.0,9.0,715.233583150202,538.9135578966055,85100.0
450,осень,8.0,7.0,126.56706091625014,540.0848808888061,116600.0
451,зима,6.0,10.0,616.2980339447276,427.07295497269047,102500.0
452,осень,6.0,8.0,520.6287476057589,70.08287220667908,99900.0
453,осень,8.0,9.0,896.4450306935012,176.90285018405615,122200.0
454,весна,8.0,7.0,340.2595014675852,315.6564665473741,111400.0
455,осень,6.0,7.0,241.7650158517328,917.7867407425308,93600.0
456,зима,6.0,9.0,115.6050594458925,261.39057115373174,110800.0
457,осень,9.0,6.0,946.3111434157198,989.3993093461585,74300.0
458,лето,7.0,6.0,717.1261966037094,61.942657962915646,117200.0
459,лето,7.0,7.0,571.5825796993805,637.9844271760536,118900.0
460,осень,6.0,7.0,514.8098080434909,386.9899131361728,95700.0
461,весна,8.0,6.0,508.1105697401229,639.0991717360719,98100.0
462,лето,8.0,8.0,974.9511151743349,205.57774028832077,108500.0
463,осень,5.0,6.0,91.04661961188975,20.018509665062133,81600.0
464,лето,8.0,6.0,676.9412009072029,964.6997018216118,119400.0
465,весна,8.0,8.0,699.3833509442884,94.86790858045735,134000.0
466,весна,10.0,10.0,205.827757432263,623.6389143213885,203100.0
467,зима,7.0,7.0,208.43595824856075,222.20310567226542,98000.0
468,лето,10.0,8.0,720.6542407329702,618.5101412010923,187800.0
469,лето,7.0,9.0,14.565412255860611,510.95228462692165,166800.0
470,весна,9.0,8.0,916.9481224841508,657.4817234366399,112300.0
471,весна,6.0,9.0,189.07446881460353,924.072574318159,120400.0
472,лето,5.0,7.0,504.3998870556029,293.1137129000175,99000.0
473,осень,7.0,5.0,665.7109976533461,110.71961217860537,82300.0
474,лето,8.0,9.0,347.9461920007824,471.51742670934624,149100.0
475,лето,7.0,7.0,217.23599536970738,701.7004713669722,124400.0
476,зима,5.0,8.0,628.1893625726332,738.6861968404155,78900.0
477,осень,7.0,8.0,675.4914646162692,746.6070232160305,113500.0
478,весна,9.0,6.0,718.4011499853002,225.76151057741157,118400.0
479,зима,8.0,5.0,354.89497064835575,178.29921631975765,67100.0
480,лето,7.0,6.0,596.310645099428,61.44978222870989,103900.0
481,лето,7.0,8.0,292.66233538050443,914.4647251049763,122500.0
482,осень,6.0,9.0,909.4332129536105,179.92558724025008,76200.0
483,зима,6.0,8.0,485.26929656333283,704.0377906824555,78700.0
484,зима,6.0,6.0,196.25236114372046,114.44888256648966,79800.0
485,лето,8.0,5.0,784.7775238590723,752.5717506233964,74600.0
486,весна,8.0,6.0,753.8093313799903,536.9479065570283,63400.0
487,осень,9.0,6.0,286.1398815925292,990.4585300143077,99800.0
488,зима,7.0,7.0,916.2468184141683,314.7086742211056,60000.0
489,зима,8.0,7.0,212.78848267310323,196.18267294618218,103400.0
490,весна,5.0,8.0,796.643487407163,58.766686209342225,58000.0
491,зима,7.0,10.0,9.830219795315065,272.7857798897084,127800.0
492,осень,6.0,7.0,8.475501991579982,407.1282752273553,87700.0
493,лето,5.0,9.0,86.73184561394065,42.200926674465954,131500.0
494,зима,9.0,7.0,543.2038032799833,861.3343995954449,114000.0
495,зима,7.0,6.0,218.0579449695732,487.0194595710412,90900.0
496,весна,10.0,9.0,65.08835622529097,883.9523735319281,187200.0
497,лето,5.0,9.0,917.020146909501,455.8498189869722,88100.0
498,осень,5.0,6.0,490.33807731859093,643.9684630212387,54600.0
499,лето,8.0,6.0,42.615092664213265,968.9025793521228,127900.0
500,зима,8.0,9.0,499.60511847312836,350.2567355008991,116000.0
501,зима,7.0,7.0,109.54830274241611,465.4032753721379,99100.0
502,осень,10.0,10.0,678.4250310395283,763.0828056015353,180700.0
503,лето,7.0,9.0,853.8480701698785,615.8769032210312,110800.0
504,осень,10.0,8.0,493.9923549779691,226.93026170484043,151000.0
505,весна,9.0,8.0,460.0627981251153,841.4390585581339,143000.0
506,весна,9.0,8.0,83.05182037241265,801.2498233540014,160800.0
507,осень,7.0,9.0,876.2654747743463,252.58237361210521,93700.0
508,зима,7.0,5.0,182.29351879662914,330.1047304611584,75900.0
509,весна,9.0,9.0,318.84355746536943,810.8780433991047,144400.0
510,весна,8.0,7.0,553.7365124584632,783.7416410984863,133200.0
511,весна,6.0,9.0,610.2160070261446,719.2040991820016,113800.0
512,зима,9.0,8.0,458.9561452121552,117.83031111391263,108300.0
513,весна,10.0,6.0,116.83921674002707,65.23821012550934,133900.0
514,лето,7.0,7.0,245.5790062021812,415.85430543822434,126400.0
515,весна,7.0,6.0,61.355031834395724,263.07468316186413,108700.0
516,зима,9.0,9.0,878.2411773484846,959.0275509374995,100800.0
517,весна,7.0,9.0,618.7039035138066,895.2379004457664,130900.0
518,зима,6.0,9.0,208.758327599617,174.32713315035065,104000.0
519,весна,8.0,7.0,243.19398176748587,743.3905895082366,128600.0
520,зима,8.0,9.0,354.23976816834903,724.5565120302864,119100.0
521,зима,8.0,10.0,567.8248109258627,967.296718174004,141800.0
522,зима,7.0,5.0,897.1777628549943,205.6530767776905,39100.0
523,осень,9.0,8.0,531.9210600354115,269.6649007878562,142700.0
524,осень,5.0,8.0,210.69943237920629,103.43902219943058,94100.0
525,зима,8.0,7.0,113.8242964872307,584.5558584817979,115200.0
526,лето,9.0,5.0,431.4364413905001,142.7536758256407,103000.0
527,лето,8.0,8.0,638.7801026049085,104.45698670980042,161600.0
528,весна,8.0,5.0,927.3383336147222,269.79012726924157,57000.0
529,осень,8.0,10.0,740.3028710024632,938.7563052021374,156800.0
530,осень,10.0,6.0,5.968307647717497,479.6744004183656,130900.0
531,весна,6.0,8.0,733.6773633588618,516.6404166940462,107200.0
532,осень,9.0,5.0,26.360884033508224,313.45297541396775,102800.0
533,зима,9.0,6.0,398.3269854343199,125.28170710669984,90900.0
534,лето,8.0,7.0,367.6640865980043,825.4791737055754,136300.0
535,осень,6.0,6.0,862.2939467459314,67.82592167148016,45200.0
536,осень,8.0,9.0,953.8282421139527,895.90696600825,107300.0
537,весна,5.0,6.0,411.75250670930484,485.7670449435031,62800.0
538,осень,6.0,7.0,810.7892964722478,467.3236413376697,64800.0
539,лето,6.0,6.0,459.64999724801226,355.7358344001581,84600.0
540,лето,7.0,6.0,707.3439635217325,128.94964323469227,113900.0
541,осень,5.0,7.0,157.82447333924776,508.467297617929,89700.0
542,лето,9.0,6.0,993.1194387386057,808.8791272084295,102500.0
543,весна,8.0,10.0,694.9374679888199,499.0167792345724,163300.0
544,зима,9.0,8.0,718.3416842146443,318.536494700463,127600.0
545,весна,6.0,10.0,829.8994109963876,343.82950485693186,90500.0
546,весна,9.0,7.0,2.5046519327450723,716.1691700985492,144700.0
547,осень,7.0,9.0,455.67971458049175,614.4276464037266,106300.0
548,осень,8.0,5.0,884.7416639476413,953.5753658021015,58300.0
549,весна,9.0,9.0,880.2663744500699,129.99407080309498,126800.0
550,осень,7.0,10.0,469.59491788274966,118.3950353938129,126400.0
551,весна,9.0,7.0,740.0118224562152,781.1944869917581,147600.0
552,зима,5.0,8.0,810.8843042409596,231.14287058726268,48900.0
553,весна,6.0,9.0,856.2253821129849,477.59191318714477,94800.0
554,лето,9.0,6.0,519.9455615547345,488.8179081055538,130400.0
555,весна,9.0,8.0,451.36732095124523,397.2320305334024,130900.0
556,весна,5.0,9.0,417.9733219414751,947.2937858297438,92600.0
557,зима,8.0,5.0,970.9391836036299,817.3717817205659,46800.0
558,осень,8.0,10.0,962.9672078834476,717.1847575789199,117000.0
559,весна,8.0,9.0,468.0757795878018,401.0423407519527,126000.0
560,лето,9.0,8.0,162.9456311101579,718.601827115329,172700.0
561,весна,10.0,8.0,84.38183812203914,631.3687961002524,162800.0
562,лето,5.0,6.0,883.1136992529684,109.62009064804079,45300.0
563,зима,10.0,6.0,747.9122480427734,284.29558003968134,106000.0
564,зима,8.0,9.0,76.88455101800085,977.0867648317094,135000.0
565,лето,9.0,7.0,584.0960972722834,851.6418598301323,162100.0
566,лето,9.0,9.0,643.8056167562651,22.942088284885976,204200.0
567,зима,5.0,6.0,429.5170893910576,873.1004716282523,55600.0
568,зима,7.0,6.0,627.4059448761082,4.3096743651303004,84300.0
569,зима,6.0,8.0,887.5025631533489,721.3320045210532,56300.0
570,зима,5.0,6.0,728.673334537261,33.7256184029937,65400.0
571,весна,6.0,10.0,207.3578542291603,822.7133438661311,128700.0
572,осень,7.0,5.0,798.8043308182683,240.6563730457426,48200.0
573,зима,6.0,8.0,324.2460879419971,881.7845089282221,71400.0
574,осень,8.0,9.0,107.00636586235002,258.62734499911056,148900.0
575,зима,6.0,5.0,143.347659026544,62.96114399441499,71700.0
576,лето,8.0,10.0,420.3864163004358,151.3384172762976,174400.0
577,лето,7.0,6.0,347.2290927451851,697.2536417215604,92600.0
578,весна,9.0,8.0,47.119440000667254,607.0213821031077,152600.0
579,зима,7.0,9.0,785.3402829426724,986.2304711265981,88300.0
580,осень,8.0,9.0,273.711461211148,67.32713996023254,128800.0
581,лето,6.0,6.0,670.1086053029193,302.61624713563896,96900.0
582,осень,6.0,10.0,442.7795265606512,143.3141621084446,98700.0
583,зима,6.0,7.0,344.7774104475894,421.92365523269194,73300.0
584,весна,6.0,6.0,226.87094920384797,92.43436727043807,82700.0
585,лето,9.0,6.0,213.88228206155424,104.26263247868218,149100.0
586,зима,7.0,6.0,332.93085493608834,598.3464340630052,74500.0
587,весна,7.0,9.0,846.8664998812496,428.71925462853824,110000.0
588,зима,7.0,7.0,615.4405421838912,661.4135129886955,91600.0
589,зима,6.0,5.0,410.8354954533893,699.6340008373659,47600.0
590,весна,9.0,7.0,112.74334162672051,983.9917501295382,142100.0
591,лето,9.0,9.0,457.77494737601955,24.26828984123075,175300.0
592,зима,7.0,6.0,798.9440864632288,671.7536149392523,46100.0
593,лето,6.0,6.0,639.1123503830134,213.36852166018926,105400.0
594,весна,7.0,6.0,784.7992655230435,755.9124579164392,67700.0
595,весна,6.0,7.0,601.8812696753124,468.34846406591925,102600.0
596,лето,7.0,6.0,478.35668320009705,129.73337350079518,91100.0
597,весна,6.0,10.0,314.2198126017785,559.730749860302,113700.0
598,осень,7.0,9.0,776.9078256407852,912.2622608963972,92200.0
599,лето,10.0,10.0,513.7286429677134,217.84380157449078,221300.0
600,лето,7.0,8.0,885.5237783888771,635.3850831156203,106300.0
601,осень,8.0,10.0,440.76144844465983,795.9399177515083,142200.0
602,лето,6.0,7.0,945.5838718046446,142.7202235044589,73900.0
603,весна,8.0,8.0,472.7828297744525,89.31818211043974,122000.0
604,лето,9.0,8.0,59.71120424652121,924.0679457948977,169400.0
605,осень,10.0,8.0,449.68596951420284,140.81001746499356,149900.0
606,осень,7.0,5.0,888.1274957735174,653.0218184786415,50300.0
607,весна,7.0,7.0,60.20868382053213,831.7623024453794,121300.0
608,лето,8.0,8.0,61.776476052078365,365.28980490437846,173600.0
609,осень,7.0,7.0,237.82519466095331,337.66977511737605,108500.0
610,весна,7.0,9.0,35.12448400275814,689.7120904057911,140000.0
611,весна,9.0,7.0,174.63339211658723,841.5630424443068,138800.0
612,лето,7.0,9.0,369.32678078584337,605.8951992807405,144100.0
613,осень,8.0,9.0,862.5011792318122,538.9142034328604,113500.0
614,лето,8.0,8.0,572.1110406985546,63.904183294423824,148400.0
615,осень,8.0,7.0,996.5519251527894,800.9508506014694,76100.0
616,лето,7.0,8.0,656.1560149715294,517.1393096870135,132200.0
617,весна,6.0,10.0,1.6263969708023573,263.5472711097163,123400.0
618,лето,6.0,6.0,272.28213345147765,35.32754980066555,75800.0
619,лето,5.0,8.0,267.78287979968593,244.49923998826094,94300.0
620,лето,6.0,10.0,201.322550511406,745.4694669706311,147500.0
621,весна,7.0,9.0,397.8464707747429,515.4845919570371,116200.0
622,весна,7.0,6.0,52.465625217266165,998.6474685131848,107700.0
623,весна,9.0,7.0,97.38769303130879,587.3486011652815,143100.0
624,лето,8.0,6.0,917.8860104757131,681.4342787891425,92300.0
625,весна,5.0,7.0,659.9200962255387,297.55396996839545,82900.0
626,весна,6.0,9.0,665.5867187334194,44.98427725741217,124500.0
627,весна,9.0,5.0,619.026923789373,956.6922311862844,107500.0
628,весна,9.0,6.0,211.6451811487895,436.67035795913324,120000.0
629,лето,7.0,9.0,489.18531365019516,497.3701889604373,139800.0
630,лето,9.0,6.0,981.4249118236112,863.3782303832513,94500.0
631,весна,9.0,6.0,777.8060987843929,578.5553308286151,85500.0
632,зима,10.0,10.0,424.80846267386363,479.2545569033331,156000.0
633,зима,9.0,6.0,874.6175759327353,231.09202872111433,61100.0
634,лето,7.0,8.0,540.9465232493706,419.99946554403425,141000.0
635,весна,6.0,8.0,326.7355097758472,147.88278564732303,92300.0
636,весна,10.0,5.0,941.751366447742,0.6350900366955958,81800.0
637,осень,6.0,6.0,426.48011772485586,487.0027241843268,66100.0
638,весна,6.0,9.0,211.84978205333172,11.306805677758325,117000.0
639,лето,6.0,9.0,661.0897205463115,515.3373422902259,125100.0
640,лето,10.0,6.0,938.3473174741669,173.96904009250392,121500.0
641,весна,8.0,6.0,487.2992139957949,26.720934909935657,89500.0
642,осень,6.0,6.0,416.35142318715765,590.4298831475037,60400.0
643,осень,7.0,9.0,474.29480180285555,481.2063325209929,126200.0
644,лето,9.0,6.0,219.64227255488998,835.4691552844196,133800.0
645,лето,9.0,5.0,917.0655778139626,364.2879077709561,84900.0
646,лето,9.0,7.0,966.1407505679356,219.61288855381454,118300.0
647,весна,10.0,7.0,857.3146862204853,435.65405578155503,112000.0
648,весна,7.0,6.0,876.3331922175463,777.9592931115,63900.0
649,осень,9.0,5.0,546.3852854411492,107.65255098240445,103600.0
650,весна,8.0,9.0,391.11873332817436,702.5397566485043,127800.0
651,зима,7.0,7.0,705.136373642185,290.3551324990664,94200.0
652,лето,10.0,10.0,233.30800797791807,43.480033639471614,224800.0
653,зима,9.0,6.0,459.06143818114344,978.477786235116,78000.0
654,зима,8.0,8.0,606.0311857122133,746.1853257689356,124600.0
655,осень,10.0,9.0,622.369473976074,545.878010319036,178800.0
656,весна,6.0,10.0,689.9449911976022,664.3659963070137,128100.0
657,лето,6.0,9.0,316.3534841651827,282.110656322873,113300.0
658,зима,7.0,10.0,439.2993249596804,962.5818776578657,104000.0
659,лето,7.0,6.0,301.0313637365528,23.2883570888468,93100.0
660,осень,7.0,6.0,592.0556990736277,264.43956793540235,92800.0
661,лето,8.0,6.0,355.0713575273211,175.8933154162635,98500.0
662,лето,5.0,10.0,681.8686872224877,73.33318007077428,129100.0
663,осень,5.0,7.0,411.931726081641,759.8098578010083,62700.0
664,зима,5.0,9.0,91.88626629407548,705.6914702036819,90000.0
665,весна,7.0,7.0,456.9464156291946,763.3123056763555,86000.0
666,осень,9.0,9.0,781.9720764136354,910.4425476750131,126900.0
667,осень,6.0,7.0,620.0830408838258,506.24081347918235,86600.0
668,весна,10.0,5.0,887.894797086408,11.204347576054152,77100.0
669,зима,8.0,6.0,792.0408841532663,584.0907044889701,56900.0
670,зима,9.0,6.0,719.8112831580431,64.66152507118039,92200.0
671,лето,7.0,9.0,683.690709950494,595.2300337332067,154600.0
672,весна,8.0,8.0,893.5956576590299,553.9354309037183,96500.0
673,осень,5.0,10.0,906.8004511163797,792.74424179729,71800.0
674,лето,9.0,6.0,579.0866658490631,646.5975412432546,128400.0
675,зима,6.0,8.0,204.04204281139482,259.3872309407,95200.0
676,зима,8.0,6.0,144.9138301006847,766.6570481246065,96500.0
677,зима,8.0,7.0,679.896938120726,132.9362605722355,94300.0
678,весна,9.0,9.0,228.88105551848025,267.5988505199639,178700.0
679,осень,9.0,9.0,39.44721723721734,276.3257265908049,169700.0
680,зима,7.0,8.0,712.3802720038035,505.87268435694324,102300.0
681,зима,5.0,7.0,455.6422274583409,128.00085596016376,57300.0
682,осень,7.0,5.0,640.1442090472684,212.4230087761465,80200.0
683,лето,7.0,9.0,813.5724448813748,420.9613825005777,108600.0
684,весна,8.0,7.0,875.4504856813215,204.25435568452954,87800.0
685,лето,6.0,6.0,159.49201557247184,141.69153627968433,88000.0
686,лето,7.0,10.0,144.36842441989228,341.85701435736405,163100.0
687,лето,10.0,8.0,676.2042227661066,590.0889082624816,180800.0
688,лето,6.0,7.0,250.39855223518236,515.1779243306244,87000.0
689,зима,8.0,6.0,24.007453153163773,913.9518806054388,93600.0
690,весна,5.0,5.0,785.0088417429316,949.0096641091674,33200.0
691,зима,9.0,6.0,911.6071105532075,652.4340534778491,63200.0
692,осень,7.0,8.0,869.601425068674,816.3703643256413,95100.0
693,лето,7.0,9.0,317.4019987074149,518.99303509339,135100.0
694,лето,10.0,6.0,640.8696684056737,420.7939871707199,145400.0
695,весна,6.0,6.0,26.427069085905643,152.8071925952289,97500.0
696,лето,7.0,10.0,96.18391230987345,62.236522160349026,164500.0
697,весна,9.0,5.0,284.22584523642826,100.57908281703354,94200.0
698,осень,10.0,5.0,300.8770279571852,599.6987760547643,94600.0
699,осень,8.0,9.0,859.5149927435206,276.6853378625988,107300.0
700,весна,9.0,7.0,476.2279367618144,731.3140958764859,125000.0
701,весна,9.0,7.0,449.76906394252103,573.1926223304936,115200.0
702,лето,6.0,9.0,678.8051223637199,453.75921242238326,133600.0
703,весна,7.0,7.0,537.4437547014185,86.47825525524023,103600.0
704,зима,10.0,5.0,835.9275819200205,559.195599564144,65200.0
705,весна,8.0,7.0,910.3359323042544,741.9294386875758,77700.0
706,зима,6.0,8.0,785.2510844174316,762.8532699023059,56800.0
707,зима,5.0,8.0,389.469674694956,643.6606670926568,67700.0
708,лето,7.0,10.0,736.8187818968674,931.9960589795562,175900.0
709,осень,7.0,9.0,682.9314846420447,309.5579179543901,133200.0
710,весна,7.0,8.0,314.89474888494726,242.91387937957566,104500.0
711,зима,9.0,10.0,653.3278382948317,433.78311011753266,156500.0
712,весна,10.0,7.0,338.82327679221294,247.7821705098444,130100.0
713,осень,7.0,10.0,234.11543337016937,62.880354685578624,136400.0
714,весна,8.0,8.0,439.1863779722155,931.7485475631852,124800.0
715,весна,8.0,8.0,702.5670360809919,596.20087279298,150300.0
716,лето,6.0,9.0,751.7369272035546,43.56407330097289,89700.0
717,лето,7.0,7.0,76.14929700611096,647.8355745001879,128900.0
718,лето,8.0,5.0,678.5247867114448,215.63115351321238,105300.0
719,весна,7.0,9.0,483.80899973525317,392.40246802409195,110000.0
720,зима,8.0,6.0,210.38728673296947,656.3639235010205,89800.0
721,весна,6.0,8.0,553.1191879929987,64.49128460627662,105200.0
722,весна,10.0,6.0,887.222691628962,67.44779226643682,83000.0
723,зима,7.0,5.0,13.216027368288529,970.2944423813599,78100.0
724,весна,6.0,6.0,375.2455457954158,657.0687369089604,69700.0
725,весна,6.0,7.0,927.2095821107657,83.36468669953211,61200.0
726,зима,7.0,9.0,903.8069831373566,886.5454888072272,78900.0
727,осень,9.0,9.0,943.6279947377976,246.7551091200174,115800.0
728,весна,5.0,8.0,637.4751891097701,388.76260940604266,93400.0
729,зима,6.0,10.0,557.7527793277043,697.9623940743857,102900.0
730,весна,7.0,6.0,115.30760443364241,523.916576628713,99600.0
731,весна,7.0,7.0,486.3362053673155,220.015876617212,96900.0
732,зима,8.0,7.0,45.88274645901047,661.12005739591,104300.0
733,весна,6.0,9.0,161.3062555612045,684.0659658272439,118400.0
734,весна,10.0,6.0,508.42794166074134,725.4708363430599,124500.0
735,осень,9.0,6.0,194.41438363104436,101.86848515311053,107500.0
736,зима,5.0,7.0,353.20375526213087,536.3048907076126,54900.0
737,зима,6.0,10.0,253.24249878739246,592.0290916581855,87600.0
738,осень,6.0,5.0,914.8590953898909,176.3479191891547,38000.0
739,лето,7.0,7.0,308.01647825430024,590.9741820150787,114200.0
740,лето,8.0,9.0,757.9588790956055,107.40978792933453,131900.0
741,весна,10.0,9.0,500.461637012152,820.363989450867,186300.0
742,осень,8.0,6.0,733.8748556654831,685.452773136411,102800.0
743,осень,8.0,7.0,723.3530095743356,345.02755541598515,113600.0
744,осень,7.0,5.0,233.15611356016652,43.1612638798361,85300.0
745,осень,6.0,7.0,446.1156556380594,923.3957656247472,70000.0
746,весна,8.0,9.0,968.4635999252054,136.13000676951182,126200.0
747,зима,6.0,9.0,990.9450615874725,370.9916572920121,59900.0
748,зима,5.0,5.0,734.5994879530125,323.2263452694327,57200.0
749,зима,9.0,6.0,368.41542536783413,28.866057352383343,82400.0
750,весна,8.0,5.0,464.19744040789266,387.784373619517,76100.0
751,осень,7.0,8.0,922.5215747974454,589.415273195604,80200.0
752,зима,6.0,9.0,125.19294841137129,847.6154424042919,101200.0
753,весна,9.0,8.0,965.4579514315183,781.9948994594571,117800.0
754,лето,7.0,8.0,836.8991753279976,762.7016689446713,115300.0
755,лето,6.0,7.0,819.6055367082786,713.0342534150269,81600.0
756,лето,8.0,8.0,241.49590372950414,35.18023560193318,166600.0
757,лето,6.0,7.0,311.2896018496788,555.390017068052,93700.0
758,осень,9.0,10.0,606.881364048843,715.6865813695805,179000.0
759,зима,9.0,7.0,374.6241699858338,794.2742381239702,94200.0
760,весна,7.0,6.0,831.6101188462925,477.0266735861609,58800.0
761,зима,6.0,6.0,269.7492692501348,750.8906842433557,54500.0
762,зима,7.0,9.0,835.6045474366805,30.447311526062503,79300.0
763,лето,6.0,9.0,982.0839152763311,561.0387171271167,88300.0
764,весна,7.0,9.0,814.0435883724093,279.53447633108743,94500.0
765,зима,9.0,6.0,917.2989727087166,326.0562007160367,70100.0
766,осень,6.0,6.0,248.64864157623845,710.4510853933556,84300.0
767,зима,5.0,9.0,192.80964918685916,873.0179776912311,98800.0
768,зима,8.0,5.0,740.825809422999,363.3759939889223,80400.0
769,лето,7.0,8.0,467.9200538884206,720.2567107028252,132800.0
770,зима,7.0,9.0,811.3328808900349,247.2084512888656,81600.0
771,весна,6.0,5.0,211.80185391243367,860.0624922807303,81900.0
772,осень,8.0,10.0,799.3190609162754,410.8064240036583,113500.0
773,весна,10.0,8.0,514.894948467759,967.6881446664885,156800.0
774,лето,7.0,8.0,721.8027545942688,782.4000606569687,138700.0
775,осень,9.0,8.0,541.7206631763866,738.0761733707458,140000.0
776,осень,6.0,7.0,586.214518378406,431.8166644481913,94800.0
777,зима,6.0,7.0,84.59148336703714,13.602454406868137,95600.0
778,зима,7.0,8.0,136.6899793283971,83.07905536139415,107600.0
779,лето,5.0,8.0,554.5916157157435,745.5487922046535,100700.0
780,осень,9.0,6.0,309.17470823623074,299.3012087556429,93100.0
781,осень,7.0,7.0,944.345862520407,608.7771682701728,62600.0
782,осень,9.0,7.0,100.21071016390471,721.0382732540867,136100.0
783,лето,6.0,7.0,709.1742134140467,979.0452768876742,105700.0
784,осень,8.0,5.0,412.2939822847429,631.9850238475573,78400.0
785,зима,7.0,5.0,279.11024508669533,258.36598738217765,56600.0
786,осень,7.0,8.0,29.380820600779177,918.1754029548254,122100.0
787,осень,7.0,7.0,969.0002728736708,51.682461839027916,65700.0
788,весна,9.0,9.0,542.0510723636381,550.017899241646,159300.0
789,лето,6.0,9.0,676.6092050169872,485.157926032437,123600.0
790,весна,7.0,7.0,181.4441171484057,260.6081490828475,117800.0
791,осень,7.0,6.0,344.1858226418495,267.19627516815115,74400.0
792,лето,7.0,6.0,686.1500324289847,135.47817255433702,102100.0
793,зима,8.0,8.0,594.4446395751291,30.11627739130718,116400.0
794,лето,7.0,10.0,821.7377613534212,552.5865348097087,130700.0
795,зима,8.0,6.0,554.0796768975074,143.14922474591808,97800.0
796,зима,10.0,9.0,68.32451855732724,130.44226454948094,162800.0
797,весна,5.0,8.0,234.08616844200893,133.71286426670414,96100.0
798,лето,5.0,7.0,305.25613475359523,238.23706146710856,77500.0
799,весна,8.0,7.0,584.0890584042869,377.15017309504026,125900.0
800,лето,6.0,5.0,873.9908285214505,41.28976332763978,53000.0
801,осень,7.0,9.0,353.7110913251904,839.9544172227802,114600.0
802,зима,9.0,6.0,434.95415463806063,685.3173813922926,94200.0
803,лето,10.0,6.0,565.1930359343293,525.5749142311035,143600.0
804,весна,7.0,6.0,351.83914788914495,651.1912426402572,90100.0
805,лето,6.0,7.0,35.336799069772496,967.324743868789,116600.0
806,весна,7.0,5.0,872.3386249732828,218.97631791816218,52100.0
807,лето,10.0,7.0,511.93905093222094,136.7143643420561,158800.0
808,осень,6.0,10.0,880.971943682032,686.3097686244428,83200.0
809,весна,8.0,6.0,544.2553583859313,731.7666102554255,98900.0
810,зима,7.0,10.0,368.7517963583399,140.64749104464934,110400.0
811,осень,9.0,8.0,436.1424260241691,744.8806184028076,124700.0
812,зима,8.0,8.0,830.6394970754336,888.6094027989648,90500.0
813,лето,9.0,5.0,740.4293638096143,377.9077816422287,120500.0
814,лето,8.0,8.0,35.83065134481422,896.3259441029418,156500.0
815,осень,8.0,6.0,785.2348828483189,977.059811332849,63900.0
816,зима,7.0,9.0,946.1989001328942,59.9055141050977,78800.0
817,лето,6.0,9.0,711.8640129910307,191.67125170544986,138800.0
818,осень,8.0,8.0,151.35497412198117,912.5001881665398,132700.0
819,весна,9.0,7.0,401.1674061957052,767.0387479731478,112500.0
820,лето,9.0,6.0,726.5913119848632,965.7794311142973,135800.0
821,весна,6.0,8.0,211.54779490129894,257.57215755240446,114200.0
822,зима,9.0,5.0,159.20237680893334,135.6121516056692,94900.0
823,лето,5.0,5.0,873.9672104907896,745.0374000982002,41700.0
824,лето,6.0,7.0,558.9060092561695,589.8896341513395,109000.0
825,лето,7.0,6.0,239.51861074298253,636.3900370512612,122500.0
826,осень,6.0,6.0,700.3566880464671,337.6445300754806,81300.0
827,лето,7.0,7.0,613.8243304415265,300.82665812822995,129000.0
828,лето,8.0,10.0,359.2392480732014,349.05927861979,179200.0
829,зима,8.0,6.0,825.4332904090746,720.9774717538911,51100.0
830,лето,6.0,7.0,398.80307926473614,911.9267535489186,99100.0
831,весна,5.0,7.0,55.01533729998387,512.8334097376753,96200.0
832,зима,7.0,9.0,799.8349073883365,167.59241722466322,79200.0
833,осень,9.0,5.0,3.861025734227419,882.8386749003387,106600.0
834,осень,6.0,10.0,913.9587093013968,977.4743729644268,83000.0
835,зима,5.0,7.0,860.7815104450254,796.2882304498369,35300.0
836,зима,7.0,8.0,496.0764683549668,953.3876290019782,98100.0
837,лето,7.0,9.0,973.2098783926032,341.538594680338,126700.0
838,зима,6.0,5.0,299.5604730104261,48.87383680068458,50900.0
839,весна,8.0,10.0,697.5533082029477,127.50463320958694,162300.0
840,весна,10.0,7.0,607.161378146395,825.66431255916,143800.0
841,осень,8.0,10.0,997.9464201551916,85.07854233022105,113800.0
842,зима,9.0,10.0,304.2764660489824,896.3878598892702,141800.0
843,зима,9.0,10.0,936.3476472451003,720.8063732502188,124600.0
844,зима,8.0,5.0,855.6967835661477,62.08684121045138,47500.0
845,лето,7.0,7.0,637.999852221519,91.04648442192753,135200.0
846,зима,8.0,7.0,620.7935606861101,812.4237395166308,97300.0
847,весна,6.0,9.0,824.7598903875281,428.2967719741476,94400.0
848,лето,8.0,9.0,464.1052629062441,414.2108611997831,149800.0
849,осень,7.0,5.0,161.06865707074826,776.8982070302956,89300.0
850,зима,5.0,10.0,318.726524832377,226.3648827397662,80400.0
851,зима,9.0,10.0,986.8086839462978,838.9065161412088,119300.0
852,осень,6.0,9.0,39.90743934833985,282.81804840492055,108300.0
853,зима,9.0,8.0,542.6373234783074,278.3817836263607,132500.0
854,весна,9.0,9.0,111.65434820284148,233.74920056129454,174200.0
855,лето,9.0,9.0,653.9409532047779,346.61561826675535,195200.0
856,зима,7.0,9.0,910.3906921856891,792.1134437477449,73900.0
857,осень,7.0,9.0,288.98764098066965,292.66151246854423,111700.0
858,лето,5.0,9.0,981.8373222837488,388.4148537207749,78800.0
859,зима,10.0,6.0,573.4349873588313,166.71832134450037,106200.0
860,осень,6.0,6.0,178.32419616768547,957.4103553959591,78800.0
861,лето,8.0,8.0,806.4923396383921,747.5570688370966,125000.0
862,осень,5.0,10.0,24.424988104063793,635.706363218161,111200.0
863,осень,7.0,10.0,788.4009516614566,910.1879012333022,105100.0
864,зима,8.0,9.0,448.94067336103296,910.814939848784,125700.0
865,лето,6.0,8.0,547.5273275190691,871.8305085211663,109900.0
866,весна,10.0,8.0,566.9750713263327,495.87779126060974,157400.0
867,весна,6.0,7.0,439.80683034599423,241.4036000655626,79300.0
868,зима,5.0,8.0,582.077236440356,991.7029055045267,86300.0
869,весна,8.0,7.0,926.6074028275428,800.3907691627379,81200.0
870,весна,6.0,5.0,917.2077811750738,672.3296867002917,42100.0
871,лето,6.0,7.0,114.18523322799223,796.8727153829931,112500.0
872,зима,6.0,9.0,468.01782739762785,205.89090767124517,79300.0
873,осень,9.0,9.0,364.4142122403635,371.0079447815049,143200.0
874,осень,7.0,9.0,595.2985147758915,511.9139442168015,126300.0
875,зима,8.0,10.0,712.4597885654493,973.9924613329428,148600.0
876,осень,7.0,9.0,44.227120960927735,376.77315528787216,138900.0
877,весна,7.0,6.0,721.3041923225691,934.3289251056448,105300.0
878,зима,8.0,8.0,972.9415731631109,389.22476652026495,73700.0
879,зима,7.0,6.0,654.3578769930947,809.3923641705493,82700.0
880,лето,9.0,8.0,393.88349835481085,666.8076860326267,159900.0
881,осень,6.0,5.0,339.2143150530836,827.8677507017408,61200.0
882,зима,6.0,5.0,872.6360393242019,232.38360543105418,30500.0
883,весна,9.0,7.0,968.2987616808778,720.9112364607756,94400.0
884,осень,5.0,6.0,835.5689047927751,834.8125536808838,34900.0
885,лето,9.0,6.0,241.2181665556844,44.7321879514625,134000.0
886,лето,8.0,10.0,767.5562611098526,433.92508755738424,140900.0
887,осень,10.0,8.0,147.78134406611153,886.0023151064099,159100.0
888,зима,7.0,9.0,720.1817361502087,340.4537213876959,110300.0
889,лето,6.0,9.0,372.62780725289514,995.751183970988,119900.0
890,осень,6.0,9.0,516.5908821322217,590.7849039901246,113000.0
891,весна,8.0,10.0,349.4257192263297,409.1139825388729,150000.0
892,лето,7.0,7.0,873.1178781301147,896.3060903665531,87300.0
893,осень,6.0,9.0,248.5233224585143,549.8227280446238,119600.0
894,лето,8.0,8.0,122.75572141330504,294.80400642260565,175900.0
895,зима,9.0,8.0,19.986171164946718,749.7401271058579,124600.0
896,зима,10.0,7.0,863.1451226591365,116.54926523000842,86100.0
897,зима,7.0,8.0,999.5270049991074,706.5834740647149,66300.0
898,зима,5.0,8.0,631.3800884839699,316.1433337828746,88600.0
899,весна,8.0,10.0,286.4633727150334,349.9920618050686,141200.0
900,осень,6.0,8.0,638.7370507818981,362.47271361624377,101100.0
901,весна,7.0,6.0,408.1865151317101,43.84429623034747,76600.0
902,зима,6.0,6.0,220.59875854823275,794.4356139372248,79500.0
903,лето,10.0,6.0,445.93313964774796,851.545006064117,132900.0
904,осень,7.0,5.0,884.2482476945169,91.03398582165556,51300.0
905,зима,7.0,6.0,95.65083831263522,145.25757884335434,86100.0
906,осень,5.0,7.0,659.3022146625837,571.0045504491029,83000.0
907,осень,5.0,8.0,732.7785026974403,648.807037500403,97400.0
908,осень,8.0,10.0,300.12943735980366,267.30974911151884,149600.0
909,весна,10.0,9.0,225.94872837277325,126.38168737888856,175200.0
910,зима,7.0,10.0,928.8105101944587,910.5660952883569,87400.0
911,весна,6.0,6.0,292.7545152440506,86.36045213796439,69100.0
912,весна,5.0,9.0,726.447873256796,818.9145415550308,103500.0
913,весна,9.0,5.0,27.073361329593038,565.9406403085608,114500.0
914,лето,7.0,5.0,365.6798522263677,686.5038278821286,77500.0
915,весна,9.0,6.0,778.5168715039997,599.6967222496407,83100.0
916,осень,7.0,7.0,460.2685449888324,357.9118345250708,81700.0
917,зима,5.0,8.0,519.6774277103693,89.0562618372951,81800.0
918,осень,10.0,10.0,648.3290116869346,594.0473095953895,185200.0
919,зима,5.0,7.0,985.9223654906416,643.9048738045569,34800.0
920,весна,6.0,9.0,431.2065935016388,363.82110564477887,100800.0
921,лето,9.0,8.0,265.47832631420323,955.7070300185968,165600.0
922,весна,7.0,6.0,799.4038914892491,459.01537396331895,52200.0
923,весна,10.0,8.0,47.21280049935239,537.0403171834317,166900.0
924,лето,9.0,9.0,39.55011400967423,907.2217139297402,201300.0
925,весна,7.0,8.0,888.2639382613736,509.73721008732565,77600.0
926,осень,10.0,5.0,259.58144717497214,228.25699087512942,89100.0
927,весна,6.0,7.0,149.86686628376478,800.6989204043347,106000.0
928,весна,7.0,6.0,965.7103412326542,978.075052163351,62700.0
929,лето,7.0,7.0,480.858664287485,350.36561409312736,101200.0
930,осень,9.0,9.0,900.4407157032183,862.5141627760411,140300.0
931,весна,5.0,5.0,173.73987133801526,253.31699791771345,71400.0
932,зима,8.0,7.0,59.45206795298263,574.0985916696455,109000.0
933,весна,6.0,7.0,2.828400609937276,522.470173458115,100400.0
934,зима,6.0,7.0,755.0922909455054,432.29453597180975,50900.0
935,лето,7.0,10.0,718.3811390091954,594.2891391221375,168600.0
936,весна,10.0,7.0,551.5430469689943,729.369507873803,146800.0
937,осень,6.0,6.0,2.3924854895592818,599.8688533378597,78400.0
938,лето,6.0,6.0,876.6302721020329,717.7799227928128,52400.0
939,лето,8.0,6.0,411.5275788081103,861.9263086845189,104400.0
940,весна,7.0,9.0,954.0333447029088,774.3779983910529,103300.0
941,лето,9.0,8.0,563.2994953566554,8.580473247230103,176100.0
942,весна,9.0,8.0,244.0792524577263,5.692725446679092,158700.0
943,осень,5.0,9.0,235.5865724716618,273.50815771519865,110700.0
944,лето,10.0,8.0,752.8590364335007,756.4644296544755,146400.0
945,лето,8.0,9.0,147.03077051360958,525.1814611032908,181500.0
946,лето,9.0,8.0,34.3358784430996,985.1721307715777,181700.0
947,лето,5.0,9.0,408.09924472985506,24.757602452117112,101600.0
948,весна,8.0,9.0,4.718765884273557,331.6465660595107,153900.0
949,осень,9.0,5.0,273.2946596389356,841.0118419108713,87000.0
950,лето,10.0,8.0,794.4635489242863,388.4688011536179,163100.0
951,весна,5.0,6.0,704.2642350473322,211.30820576237917,76600.0
952,весна,5.0,6.0,538.8078626478176,726.7113146446939,75400.0
953,лето,5.0,7.0,492.40194427605644,370.30750149355254,76700.0
954,зима,5.0,8.0,955.9249539121339,162.56107243309603,44900.0
955,зима,7.0,8.0,898.9998161141202,766.2737097144327,72300.0
956,осень,10.0,5.0,126.36018219479594,992.4257168160485,112000.0
957,осень,9.0,6.0,446.0130928792705,689.4883087871532,105000.0
958,лето,7.0,8.0,594.301977278169,459.0688859301625,146600.0
959,зима,7.0,6.0,7.223979076878662,627.9649126770248,88900.0
960,лето,6.0,10.0,108.44304086311763,369.3103509605722,142500.0
961,лето,8.0,8.0,916.0365416102335,371.00248504192234,113400.0
962,весна,5.0,8.0,928.7817729158263,951.8285110159002,57100.0
963,зима,6.0,8.0,704.4587857483175,398.02637796770415,89700.0
964,зима,10.0,8.0,816.03579930944,362.83458764887354,96600.0
965,осень,7.0,9.0,936.6140904431766,785.8394987370466,89300.0
966,лето,8.0,7.0,82.96517843753205,595.6089957623135,145800.0
967,весна,9.0,10.0,167.12809918048566,668.1474813006686,188200.0
968,весна,7.0,9.0,981.6203605462217,645.2354717178813,110600.0
969,лето,6.0,8.0,424.8921840828803,14.26562255523811,110700.0
970,осень,8.0,8.0,999.9523379276101,497.4136744485583,94900.0
971,лето,10.0,6.0,495.56675790628714,538.137838615007,135100.0
972,весна,7.0,9.0,585.3870531810417,107.84721559253363,131300.0
973,лето,6.0,10.0,637.8385620387792,762.5073273617049,135800.0
974,весна,6.0,8.0,236.96805724935587,745.0949185443576,106900.0
975,весна,9.0,7.0,320.5280297883785,982.0081654755584,125200.0
976,весна,5.0,10.0,368.4849332302952,831.8400980219541,96700.0
977,весна,8.0,6.0,299.05595627141565,234.90222822180363,96100.0
978,осень,9.0,5.0,536.4437360808485,287.1344660770042,102400.0
979,зима,5.0,8.0,344.6944952091838,380.2296786822834,71700.0
980,осень,6.0,10.0,315.7734278400429,804.9451574791888,110800.0
981,зима,6.0,6.0,547.9827336126372,810.8177300418041,74200.0
982,зима,8.0,9.0,456.2929965441541,447.4498674539981,126800.0
983,весна,7.0,8.0,49.244399992916634,633.5403034983343,129400.0
984,зима,5.0,6.0,633.4514077153215,71.67083689169063,70200.0
985,весна,9.0,7.0,480.6597853315505,275.41524954173127,120300.0
986,осень,9.0,10.0,22.417046422701816,53.69123428902278,188200.0
987,осень,10.0,8.0,769.5866261745651,211.63351799516394,125000.0
988,зима,7.0,6.0,920.7233574785777,833.2040852610971,51400.0
989,лето,8.0,6.0,515.5267475042298,712.5975135300379,119900.0
990,весна,6.0,8.0,289.79755629565204,910.8624150038689,89400.0
991,лето,9.0,8.0,878.3395568186567,66.77358319676696,143500.0
992,зима,7.0,8.0,262.47389523414523,518.2926877060751,84700.0
993,лето,10.0,5.0,510.6518946242663,136.7859902828955,130200.0
994,весна,10.0,8.0,745.9651909522826,410.47577634639134,168400.0
995,осень,8.0,5.0,827.0940698260222,4.385556816765224,61800.0
996,осень,7.0,6.0,842.487798348062,164.7473867911089,53800.0
997,осень,10.0,7.0,497.6511514257945,639.3524220708498,122800.0
998,осень,8.0,6.0,282.68417862705155,194.7770962978589,84400.0
999,зима,10.0,8.0,837.7512353923315,453.1718843781293,109800.0
